학년,학기,단원,소속
초등 1학년,1학기,9까지의 수,대수학
초등 1학년,1학기,여러가지모양,기하학
초등 1학년,1학기,덧셈과 뺄셈,대수학
초등 1학년,1학기,비교하기,측도론
초등 1학년,1학기,50까지의 수,대수학
초등 1학년,2학기,100까지의 수,대수학
초등 1학년,2학기,덧셈과 뺄셈 1,대수학
초등 1학년,2학기,여러가지 모양,기하학
초등 1학년,2학기,덧셈과 뺄셈 2,대수학
초등 1학년,2학기,시계보기와 규칙찾기,"대수학, 측도론, 이산수학"
초등 1학년,2학기,덧셈과 뺄셈 3,대수학
초등 2학년,1학기,세 자리수,대수학
초등 2학년,1학기,여러가지 도형,기하학
초등 2학년,1학기,덧셈과 뺄셈,대수학
초등 2학년,1학기,길이재기,측도론
초등 2학년,1학기,분류하기,집합론
초등 2학년,1학기,곱셈,대수학
초등 2학년,2학기,네 자리수,대수학
초등 2학년,2학기,곱셈구구,대수학
초등 2학년,2학기,길이재기,측도론
초등 2학년,2학기,시각과 시간,집합론
초등 2학년,2학기,표와 그래프,통계론
초등 3학년,1학기,규칙찾기,"대수학, 이산수학"
초등 3학년,1학기,덧셈과 뺄셈,대수학
초등 3학년,1학기,평면도형,기하학
초등 3학년,1학기,나눗셈,대수학
초등 3학년,1학기,곱셈,대수학
초등 3학년,1학기,길이와 시간,측도론
초등 3학년,2학기,분수와 소수,대수학
초등 3학년,2학기,곱셈,대수학
초등 3학년,2학기,나눗셈,대수학
초등 3학년,2학기,원,기하학
초등 3학년,2학기,분수와 소수,대수학
초등 4학년,1학기,들이와 무게,측도론
초등 4학년,1학기,자료의 정리,통계학
초등 4학년,1학기,큰 수,정수론
초등 4학년,1학기,각도,"기하학, 측도론"
초등 4학년,1학기,곱셈과 나눗셈,대수학
초등 4학년,1학기,평면도형의 이동,"기하학, 측도론"
초등 4학년,2학기,막대그래프,통계학
초등 4학년,2학기,규칙찾기,"대수학, 이산수학"
초등 4학년,2학기,분수의 덧셈과 뺄셈,대수학
초등 4학년,2학기,삼각형,기하학
초등 4학년,2학기,소수의 덧셈과 뺄셈,대수학
초등 4학년,2학기,사각형,기하학
초등 5학년,1학기,꺾은선 그래프,통계학
초등 5학년,1학기,다각형,기하학
초등 5학년,1학기,자연수의 혼합계산,대수학
초등 5학년,1학기,약수와 배수,정수론
초등 5학년,1학기,규칙과 대응,"해석학, 이산수학"
초등 5학년,1학기,약분과 통분,대수학
초등 5학년,2학기,분수의 덧셈과 뺄셈,대수학
초등 5학년,2학기,다각형의 둘레와 넓이,"기하학, 측도론"
초등 5학년,2학기,수의 범위와 어림하기,해석학
초등 5학년,2학기,분수의 곱셈,대수학
초등 5학년,2학기,합동과 대칭,기하학
초등 6학년,1학기,소수의 곱셈,대수학
초등 6학년,1학기,직육면체,기하학
초등 6학년,1학기,평균의 가능성,"대수학, 확률론"
초등 6학년,1학기,분수의 나눗셈,대수학
초등 6학년,1학기,각기둥과 각뿔,기하학
초등 6학년,1학기,소수의 나눗셈,대수학
초등 6학년,2학기,비와 비율,집합론
초등 6학년,2학기,여러가지 그래프,통계학
초등 6학년,2학기,직육면체의 부피와 겉넓이,"기하학, 측도론"
초등 6학년,2학기,분수의 나눗셈,대수학
초등 6학년,2학기,소수의 나눗셈,대수학
초등 6학년,2학기,공간과 입체,기하학
초등 6학년,2학기,비례식과 비례배분,대수학
초등 6학년,2학기,원의 넓이,"기하학, 측도론"
초등 6학년,2학기,"원기둥, 원뿔, 구","기하학, 측도론"
